Vendor,Category,Unit Cost,Quality Score,Lead Time,On-Time %,Defect %,Capacity
Alpha Industrial,Steel Components,820,94,7,97,1.2,5000
Beta Engineering,Steel Components,760,88,12,91,2.4,6000
Gamma Manufacturing,Steel Components,910,97,5,98,0.8,4000
Delta Components,Steel Components,720,81,15,86,3.5,7000
Nova Industries,Steel Components,850,92,8,95,1.5,5500
Prime Fabricators,Steel Components,790,90,10,93,1.9,4500
Vertex Components,Steel Components,875,93,6,96,1.1,4800
Apex Engineering,Steel Components,805,89,9,94,2.0,5200
Titan Industrial,Steel Components,740,84,13,89,2.9,6500
Orion Manufacturing,Steel Components,895,96,6,97,0.9,4200
Zenith Components,Steel Components,830,91,8,94,1.6,5000
Fusion Fabricators,Steel Components,775,87,11,92,2.2,5800
Metro Engineering,Steel Components,860,90,9,93,1.8,5100
Sterling Industries,Steel Components,925,98,5,99,0.6,3800
Pioneer Components,Steel Components,795,86,10,90,2.5,6200
Elite Manufacturing,Steel Components,880,95,7,96,1.0,4600
Crown Engineering,Steel Components,815,88,8,92,2.1,5400
Atlas Fabricators,Steel Components,755,83,14,88,3.1,6800
Summit Components,Steel Components,845,93,7,95,1.3,4900
Global Industrial,Steel Components,900,94,6,97,1.0,4300
